"DATE","TIME PERIOD","Real Euro area 10-year Government Benchmark bond yield - Yield, average of observations through period (FM.M.U2.EUR.4F.BB.R_U2_10Y.YLDA)","Euro area 10-year Government Benchmark bond yield - Yield (FM.M.U2.EUR.4F.BB.U2_10Y.YLD)","Euro area 2-year Government Benchmark bond yield - Yield (FM.M.U2.EUR.4F.BB.U2_2Y.YLD)","Euro area 3-year Government Benchmark bond yield - Yield (FM.M.U2.EUR.4F.BB.U2_3Y.YLD)","Euro area 5-year Government Benchmark bond yield - Yield (FM.M.U2.EUR.4F.BB.U2_5Y.YLD)","Euro area 7-year Government Benchmark bond yield - Yield (FM.M.U2.EUR.4F.BB.U2_7Y.YLD)"
"1970-01-31","1970Jan","","7.7526","7.6160","7.2858","7.3705","7.7800"
"1970-02-28","1970Feb","","7.9037","7.6560","7.5139","7.5881","7.8600"
"1970-03-31","1970Mar","","8.1123","8.2160","7.9999","7.9798","8.2900"
"1970-04-30","1970Apr","","8.0727","8.0160","7.9579","7.9859","8.2900"
"1970-05-31","1970May","","8.2432","8.3060","8.2219","8.2471","8.6100"
"1970-06-30","1970Jun","","8.4474","8.5560","8.5139","8.5485","9.0000"
"1970-07-31","1970Jul","","8.3504","7.8360","8.1900","8.3405","8.5300"
"1970-08-31","1970Aug","","8.3939","7.9660","8.2320","8.3279","8.5000"
"1970-09-30","1970Sep","","8.4100","8.2460","8.3239","8.3890","8.6600"
"1970-10-31","1970Oct","","8.4266","8.1060","8.3479","8.4679","8.8000"
"1970-11-30","1970Nov","","8.3732","7.8860","8.2060","8.3371","8.5400"
"1970-12-31","1970Dec","","8.2230","7.4360","7.8280","7.9801","8.0200"
"1971-01-31","1971Jan","","7.9060","7.1360","7.3963","7.5448","7.6400"
"1971-02-28","1971Feb","","7.8307","7.4260","7.3823","7.5040","7.8300"
"1971-03-31","1971Mar","","7.8452","7.5560","7.4287","7.5198","7.8800"
"1971-04-30","1971Apr","","7.8564","7.2760","7.3663","7.5427","7.9200"
"1971-05-31","1971May","","7.8969","7.4260","7.4765","7.6337","8.0300"
"1971-06-30","1971Jun","","8.0390","7.9160","7.7376","7.8366","8.3600"
"1971-07-31","1971Jul","","8.0691","7.8260","7.7172","7.8790","8.3200"
"1971-08-31","1971Aug","","8.0168","7.6760","7.6325","7.7938","8.1300"
"1971-09-30","1971Sep","","7.9950","7.5960","7.5582","7.7039","7.9900"
"1971-10-31","1971Oct","","7.9028","7.4760","7.4285","7.5666","7.9100"
"1971-11-30","1971Nov","","7.8459","7.3760","7.3449","7.5233","7.9200"
"1971-12-31","1971Dec","","7.7894","7.0960","7.1784","7.4063","7.7600"
"1972-01-31","1972Jan","","7.6783","6.3960","6.8148","7.1186","7.2700"
"1972-02-29","1972Feb","","7.5580","6.1160","6.6716","7.0267","7.0800"
"1972-03-31","1972Mar","","7.5266","6.2160","6.7274","7.1074","7.3400"
"1972-04-30","1972Apr","","7.5822","6.6060","6.9456","7.3042","7.7300"
"1972-05-31","1972May","","7.5091","6.4360","6.8393","7.2018","7.6100"
"1972-06-30","1972Jun","","7.5579","6.8460","7.0215","7.3498","7.8900"
"1972-07-31","1972Jul","","7.5823","6.9560","7.0852","7.3721","7.8500"
"1972-08-31","1972Aug","","7.5773","6.8960","7.0425","7.3201","7.7500"
"1972-09-30","1972Sep","","7.5887","6.6660","6.9796","7.3054","7.7100"
"1972-10-31","1972Oct","","7.6969","7.6160","7.4094","7.5752","8.2000"
"1972-11-30","1972Nov","","7.8108","7.7860","7.5684","7.7389","8.4600"
"1972-12-31","1972Dec","","7.9364","7.9260","7.6979","7.8485","8.5200"
"1973-01-31","1973Jan","","8.0049","7.5960","7.5990","7.8447","8.4900"
"1973-02-28","1973Feb","","7.9358","7.5760","7.5091","7.7427","8.3600"
"1973-03-31","1973Mar","","7.9869","8.0060","7.7074","7.8743","8.6000"
"1973-04-30","1973Apr","","8.0678","8.6860","7.9779","8.0176","8.9200"
"1973-05-31","1973May","","8.3608","9.3160","8.3943","8.4164","9.5600"
"1973-06-30","1973Jun","","8.4870","9.6860","8.6443","8.5872","9.7300"
"1973-07-31","1973Jul","","8.5397","10.1160","8.8647","8.7460","10.0300"
"1973-08-31","1973Aug","","8.5913","9.4060","8.5161","8.4964","9.5100"
"1973-09-30","1973Sep","","8.6748","9.7260","8.6343","8.5645","9.6300"
"1973-10-31","1973Oct","","8.6125","9.3660","8.5121","8.5093","9.5100"
"1973-11-30","1973Nov","","8.6814","9.5160","8.5840","8.5435","9.5100"
"1973-12-31","1973Dec","","8.8539","9.5860","8.6221","8.5807","9.5500"
"1974-01-31","1974Jan","","9.0286","9.3960","8.5106","8.5449","9.5300"
"1974-02-28","1974Feb","","9.3990","10.0060","8.9330","8.9585","10.2000"
"1974-03-31","1974Mar","","9.5933","10.1660","9.2642","9.2384","10.3000"
"1974-04-30","1974Apr","","9.7112","10.0960","9.2676","9.2477","10.2600"
"1974-05-31","1974May","","10.0002","9.8960","9.7152","9.8215","10.5900"
"1974-06-30","1974Jun","","10.4820","9.9360","10.0688","10.1545","10.5400"
"1974-07-31","1974Jul","","10.6275","9.8960","10.3650","10.4463","10.5500"
"1974-08-31","1974Aug","","10.7212","10.0160","10.4414","10.4677","10.5400"
"1974-09-30","1974Sep","","10.7450","10.0760","10.5871","10.6663","10.6200"
"1974-10-31","1974Oct","","10.7186","9.8860","10.6888","10.7314","10.5500"
"1974-11-30","1974Nov","","10.4901","9.2860","10.4598","10.4855","9.8700"
"1974-12-31","1974Dec","","10.5528","8.8760","10.2217","10.3052","9.5200"
"1975-01-31","1975Jan","","10.0865","7.9760","9.3995","9.6024","8.7300"
"1975-02-28","1975Feb","","9.8808","7.2560","8.9329","9.2943","8.4100"
"1975-03-31","1975Mar","","9.7282","7.2360","8.8432","9.2075","8.4500"
"1975-04-30","1975Apr","","9.7350","6.9360","8.7467","9.1103","8.1600"
"1975-05-31","1975May","","9.5184","6.6960","8.4419","8.8442","7.9200"
"1975-06-30","1975Jun","","9.4415","6.8060","8.3773","8.7546","7.9500"
"1975-07-31","1975Jul","","9.3352","6.7660","8.3354","8.7038","7.9000"
"1975-08-31","1975Aug","","9.4320","6.7960","8.4166","8.7901","7.9100"
"1975-09-30","1975Sep","","9.5580","6.8360","8.5196","8.8894","7.9500"
"1975-10-31","1975Oct","","9.3803","6.9260","8.4482","8.8622","8.2200"
"1975-11-30","1975Nov","","9.2408","6.8660","8.2740","8.6940","8.1600"
"1975-12-31","1975Dec","","9.2410","6.8160","8.2708","8.6886","8.1200"
"1976-01-31","1976Jan","","9.3627","6.5360","8.2206","8.6650","7.8900"
"1976-02-29","1976Feb","","9.3867","6.0360","8.0973","8.6087","7.5500"
"1976-03-31","1976Mar","","9.5429","5.9360","8.4608","8.9244","7.3900"
"1976-04-30","1976Apr","","9.8410","5.9560","8.8599","9.3098","7.5100"
"1976-05-31","1976May","","10.0866","6.3060","9.4032","9.8391","7.8400"
"1976-06-30","1976Jun","","10.3845","6.4660","9.9597","10.3640","7.9100"
"1976-07-31","1976Jul","","10.1639","6.8460","9.7948","10.1308","8.0300"
"1976-08-31","1976Aug","","10.4178","6.8560","9.7402","10.0425","7.9100"
"1976-09-30","1976Sep","","10.3951","6.7460","9.7906","10.0474","7.7600"
"1976-10-31","1976Oct","","10.5423","6.7360","10.1612","10.3947","7.6100"
"1976-11-30","1976Nov","","10.3770","6.1660","9.8439","10.1530","7.2000"
"1976-12-31","1976Dec","","10.3871","6.2360","9.9210","10.1754","7.2000"
"1977-01-31","1977Jan","","10.3235","6.1160","9.9006","10.1639","6.9600"
"1977-02-28","1977Feb","","10.3427","6.0160","9.9826","10.2319","6.8800"
"1977-03-31","1977Mar","","10.2666","5.5960","9.7620","10.0178","6.4100"
"1977-04-30","1977Apr","","10.2781","5.3660","9.6991","9.9408","6.0900"
"1977-05-31","1977May","","10.1676","5.2160","9.5568","9.8278","6.0100"
"1977-06-30","1977Jun","","10.2235","5.1660","9.5295","9.8115","5.9500"
"1977-07-31","1977Jul","","10.1503","4.9960","9.3459","9.6101","5.7300"
"1977-08-31","1977Aug","","10.0850","4.7960","9.1869","9.4679","5.5500"
"1977-09-30","1977Sep","","10.0194","4.7860","8.9206","9.2499","5.5600"
"1977-10-31","1977Oct","","10.0354","4.7860","8.7937","9.0885","5.5400"
"1977-11-30","1977Nov","","9.9699","4.7760","8.6462","8.9557","5.5500"
"1977-12-31","1977Dec","","9.9375","4.6760","8.4379","8.7695","5.4300"
"1978-01-31","1978Jan","","9.7574","4.4260","8.3264","8.7129","5.2800"
"1978-02-28","1978Feb","","9.7459","4.2860","8.1711","8.5430","5.0800"
"1978-03-31","1978Mar","","9.6471","4.2260","9.3642","8.5427","5.0800"
"1978-04-30","1978Apr","","9.5186","6.0744","9.2635","8.4970","5.1300"
"1978-05-31","1978May","","9.6363","6.3462","9.3320","8.5758","5.3100"
"1978-06-30","1978Jun","","9.5711","6.4250","9.3156","8.6430","5.5300"
"1978-07-31","1978Jul","","9.5751","6.4917","9.4833","8.9388","5.9800"
"1978-08-31","1978Aug","","9.5260","6.5464","9.4472","8.9511","5.9900"
"1978-09-30","1978Sep","","9.6290","6.5798","9.3366","8.7957","5.9200"
"1978-10-31","1978Oct","","9.8057","6.8552","9.3652","8.8955","5.9800"
"1978-11-30","1978Nov","","9.8495","7.0275","9.4070","8.9718","6.1600"
"1978-12-31","1978Dec","","9.6583","6.9753","9.3702","9.0174","6.2400"
"1979-01-31","1979Jan","","9.6236","6.9655","9.3608","9.1206","6.4800"
"1979-02-28","1979Feb","","9.7419","7.3168","9.4527","9.2384","6.7400"
"1979-03-31","1979Mar","","9.8235","7.5484","9.4601","9.3004","6.8600"
"1979-04-30","1979Apr","","9.9274","8.1374","9.5735","9.4963","7.2000"
"1979-05-31","1979May","","10.2010","8.6682","9.8694","9.7630","7.7200"
"1979-06-30","1979Jun","","10.3992","8.5975","10.1756","9.8527","7.8300"
"1979-07-31","1979Jul","","10.5292","8.6419","10.2878","9.8154","7.6300"
"1979-08-31","1979Aug","","10.5991","8.6685","10.4248","9.8211","7.5200"
"1979-09-30","1979Sep","","10.6704","8.9425","10.4096","9.8669","7.5100"
"1979-10-31","1979Oct","","10.8468","9.4567","10.7077","10.2497","8.0600"
"1979-11-30","1979Nov","","11.1374","9.5207","10.8320","10.2529","7.9000"
"1979-12-31","1979Dec","","11.4201","9.7778","11.0532","10.4300","7.9200"
"1980-01-31","1980Jan","","11.5023","9.9654","11.2069","10.4292","8.3680"
"1980-02-29","1980Feb","","12.0853","10.2571","11.8850","10.7858","8.8001"
"1980-03-31","1980Mar","","12.6850","10.9770","12.5390","11.6311","9.8432"
"1980-04-30","1980Apr","","12.5724","11.2313","12.4449","11.5541","9.6617"
"1980-05-31","1980May","","12.2638","10.5917","11.9617","11.1196","8.8803"
"1980-06-30","1980Jun","","12.1057","9.9921","11.7730","10.9411","8.4014"
"1980-07-31","1980Jul","","12.1237","9.8963","11.7347","10.8595","8.1560"
"1980-08-31","1980Aug","","12.1640","9.8564","11.7700","10.8803","8.0973"
"1980-09-30","1980Sep","","12.4537","10.0167","11.9933","11.1428","8.4375"
"1980-10-31","1980Oct","","12.7621","10.2366","12.3373","11.3731","8.6281"
"1980-11-30","1980Nov","","12.9068","10.6568","12.4912","11.6124","8.8882"
"1980-12-31","1980Dec","","12.8410","10.6584","12.4793","11.7113","9.1382"
"1981-01-31","1981Jan","","12.9312","10.7358","12.5391","11.8407","9.2633"
"1981-02-28","1981Feb","","13.4494","11.4734","13.1949","12.3619","9.9877"
"1981-03-31","1981Mar","","13.7055","11.9946","13.5903","12.6217","10.3212"
"1981-04-30","1981Apr","","13.9322","11.8160","13.9273","12.9332","10.2482"
"1981-05-31","1981May","","14.7366","12.4667","15.5187","13.6371","10.4620"
"1981-06-30","1981Jun","","14.8977","12.7107","15.5766","14.2737","10.5634"
"1981-07-31","1981Jul","","15.0344","12.5176","15.5174","14.6228","10.6982"
"1981-08-31","1981Aug","","15.2041","12.8590","16.0452","14.8486","10.9522"
"1981-09-30","1981Sep","","15.4353","12.9617","15.9392","14.9360","10.9616"
"1981-10-31","1981Oct","","15.2037","11.7392","15.2125","14.4160","10.4766"
"1981-11-30","1981Nov","","15.1985","11.3779","14.7501","14.3515","10.2252"
"1981-12-31","1981Dec","","14.9096","11.2875","15.0107","14.1988","10.0001"
"1982-01-31","1982Jan","","14.8468","11.0675","14.9400","14.2006","10.0800"
"1982-02-28","1982Feb","","14.8963","11.4381","14.8458","14.0545","9.9879"
"1982-03-31","1982Mar","","14.6102","11.0384","14.6272","13.5627","9.6025"
"1982-04-30","1982Apr","","14.4708","10.7262","14.4004","13.3569","9.1553"
"1982-05-31","1982May","","14.4346","10.4483","14.5651","13.4438","8.9228"
"1982-06-30","1982Jun","","14.6425","10.7516","14.5671","13.6793","9.3680"
"1982-07-31","1982Jul","","14.5892","10.8799","14.1432","13.7175","9.4609"
"1982-08-31","1982Aug","","14.2299","10.5495","13.8656","13.2414","9.1840"
"1982-09-30","1982Sep","","13.9851","10.0615","13.3955","12.6570","8.7930"
"1982-10-31","1982Oct","","13.8124","9.8395","13.2158","12.4637","8.3193"
"1982-11-30","1982Nov","","13.8141","9.8530","13.3242","12.5186","8.1024"
"1982-12-31","1982Dec","","13.4026","9.2426","13.0362","12.1746","7.7203"
"1983-01-31","1983Jan","","13.1128","8.9312","12.6291","11.7503","7.6969"
"1983-02-28","1983Feb","","13.0497","8.9229","12.5430","11.9355","7.8885"
"1983-03-31","1983Mar","","12.8272","8.5448","12.1273","11.6284","7.5622"
"1983-04-30","1983Apr","","12.7883","8.6998","12.1155","11.4908","7.6046"
"1983-05-31","1983May","","12.9350","9.0626","12.2851","11.7179","7.8365"
"1983-06-30","1983Jun","","13.0909","9.6816","12.4967","12.0537","8.2773"
"1983-07-31","1983Jul","","13.0450","9.6603","12.3537","12.0728","8.2461"
"1983-08-31","1983Aug","","13.1460","10.1067","12.3292","12.0534","8.4347"
"1983-09-30","1983Sep","","13.2007","10.0872","12.3025","11.9114","8.5775"
"1983-10-31","1983Oct","","13.1173","10.0221","12.1697","11.7317","8.3267"
"1983-11-30","1983Nov","","13.1762","10.2057","12.2207","11.7924","8.3344"
"1983-12-31","1983Dec","","12.9664","10.1097","12.3123","11.8295","8.4210"
"1984-01-31","1984Jan","","12.7903","9.5661","11.9332","11.5885","8.4273"
"1984-02-29","1984Feb","","12.5778","9.4694","11.7305","11.3797","8.2906"
"1984-03-31","1984Mar","","12.4550","9.1687","11.3563","11.2073","8.1647"
"1984-04-30","1984Apr","","12.4637","9.1838","11.3485","11.2524","8.1884"
"1984-05-31","1984May","","12.5921","9.4731","11.4789","11.2275","8.2868"
"1984-06-30","1984Jun","","12.4619","9.4232","11.5118","11.2420","8.2727"
"1984-07-31","1984Jul","","12.3281","9.3585","11.4975","11.0705","8.3031"
"1984-08-31","1984Aug","","12.2078","9.2550","11.3797","10.9436","8.1323"
"1984-09-30","1984Sep","","12.0916","8.9229","11.1681","10.7601","7.9108"
"1984-10-31","1984Oct","","11.6297","8.5809","10.5081","10.3561","7.6265"
"1984-11-30","1984Nov","","11.4203","8.1670","10.5990","10.0999","7.4187"
"1984-12-31","1984Dec","","11.2049","7.8530","10.2912","9.9366","7.2760"
"1985-01-31","1985Jan","","10.8550","8.0467","9.8101","9.9448","9.2057"
"1985-02-28","1985Feb","","10.9617","8.4901","10.1034","10.1279","9.3647"
"1985-03-31","1985Mar","","11.0255","9.3998","10.2744","10.2528","9.4171"
"1985-04-30","1985Apr","","10.8583","9.0690","9.9669","10.1584","9.1405"
"1985-05-31","1985May","","10.8509","8.8324","9.8008","10.0916","8.9426"
"1985-06-30","1985Jun","","10.8231","8.7321","9.6988","9.9680","8.8514"
"1985-07-31","1985Jul","","10.7913","8.6945","9.5673","9.8085","8.6598"
"1985-08-31","1985Aug","","10.6780","8.4768","9.4325","9.7273","8.5340"
"1985-09-30","1985Sep","","10.5376","8.3708","9.3748","9.6286","8.4745"
"1985-10-31","1985Oct","","10.4002","8.2292","9.4835","9.5985","8.5042"
"1985-11-30","1985Nov","","10.2661","8.0641","9.3823","9.5575","8.4494"
"1985-12-31","1985Dec","","10.2047","8.0853","9.3300","9.5565","8.3594"
"1986-01-31","1986Jan","","9.9611","8.1391","9.0378","9.4409","8.1294"
"1986-02-28","1986Feb","","9.9428","7.9563","9.1081","9.3552","7.9133"
"1986-03-31","1986Mar","","9.3951","7.3661","8.5468","8.7023","7.2511"
"1986-04-30","1986Apr","","8.7663","7.0581","7.9181","8.0048","6.6614"
"1986-05-31","1986May","","8.4784","7.0199","7.5953","7.7737","6.7833"
"1986-06-30","1986Jun","","8.5498","7.0294","7.7389","7.9010","7.0001"
"1986-07-31","1986Jul","","8.5312","6.9883","7.6567","7.8646","6.9350"
"1986-08-31","1986Aug","","8.3521","6.8240","7.3998","7.6455","6.7560"
"1986-09-30","1986Sep","","8.3279","6.6785","7.4073","7.5671","6.8207"
"1986-10-31","1986Oct","","8.4165","6.8680","7.6253","7.7786","7.1540"
"1986-11-30","1986Nov","","8.5350","7.1718","7.7626","7.9488","7.3538"
"1986-12-31","1986Dec","","8.4674","7.2458","7.7373","7.9375","7.2917"
"1987-01-31","1987Jan","","8.4529","7.2176","7.6657","7.9143","7.2414"
"1987-02-28","1987Feb","","8.5029","7.0732","7.6024","7.8983","7.2336"
"1987-03-31","1987Mar","","8.4579","6.9104","7.6987","7.7650","7.0700"
"1987-04-30","1987Apr","","8.4889","6.9374","7.6224","7.6973","7.0089"
"1987-05-31","1987May","","8.6779","7.1557","7.6018","7.7332","7.0031"
"1987-06-30","1987Jun","","8.9002","7.1694","7.7306","7.9169","7.3118"
"1987-07-31","1987Jul","","9.1785","7.2498","7.9679","8.1606","7.4867"
"1987-08-31","1987Aug","","9.5074","7.4341","8.7951","8.4207","7.7752"
"1987-09-30","1987Sep","","9.7306","7.5255","8.9815","8.5744","8.0140"
"1987-10-31","1987Oct","","9.9950","8.0216","9.3369","8.9618","8.3053"
"1987-11-30","1987Nov","","9.4947","7.6028","8.9379","8.5077","7.7307"
"1987-12-31","1987Dec","","9.3506","7.4757","8.6506","8.2395","7.6789"
"1988-01-31","1988Jan","","9.2041","7.2778","8.4920","8.2126","7.6050"
"1988-02-29","1988Feb","","8.9186","6.9009","8.1723","7.9373","7.2078"
"1988-03-31","1988Mar","","8.8357","6.6544","8.0484","7.9258","7.1762"
"1988-04-30","1988Apr","","8.8230","6.6192","7.9598","7.9507","7.1882"
"1988-05-31","1988May","","8.9674","6.7148","8.1148","8.0809","7.4034"
"1988-06-30","1988Jun","","8.8584","6.6323","8.0513","7.9863","7.2558"
"1988-07-31","1988Jul","","8.9715","7.0242","8.2581","8.2129","7.3700"
"1988-08-31","1988Aug","","9.0870","7.2980","8.4725","8.3344","7.5292"
"1988-09-30","1988Sep","","9.0438","7.3460","8.4477","8.2697","7.4255"
"1988-10-31","1988Oct","","8.9263","7.2863","8.4044","8.4857","7.2374"
"1988-11-30","1988Nov","","8.9300","7.3255","8.3607","8.4942","7.2072"
"1988-12-31","1988Dec","","9.0858","7.5508","8.5350","8.6739","7.3161"
"1989-01-31","1989Jan","","9.1623","8.8631","9.1336","8.8129","7.3609"
"1989-02-28","1989Feb","","9.4056","9.3695","9.5953","9.1493","7.7359"
"1989-03-31","1989Mar","","9.6448","9.6062","9.8264","9.2420","7.8186"
"1989-04-30","1989Apr","","9.5960","9.5005","9.7362","9.1475","7.7098"
"1989-05-31","1989May","","9.6817","9.6420","9.9233","9.2152","7.8083"
"1989-06-30","1989Jun","","9.6037","9.7335","9.8503","9.2324","7.7059"
"1989-07-31","1989Jul","","9.5854","9.6276","9.9073","9.4001","7.5998"
"1989-08-31","1989Aug","","9.5375","9.5391","9.8115","9.5281","7.5280"
"1989-09-30","1989Sep","","9.6914","9.7834","10.0479","9.7326","7.7020"
"1989-10-31","1989Oct","","9.8685","10.1121","10.2579","9.9566","7.9534"
"1989-11-30","1989Nov","","10.1543","10.5514","10.5970","10.2502","8.2661"
"1989-12-31","1989Dec","","10.2373","10.6390","10.7264","10.3346","8.3172"
"1990-01-31","1990Jan","","10.4502","10.8328","10.9378","10.5881","8.6819"
"1990-02-28","1990Feb","","10.9205","11.1334","11.3485","11.0024","9.3483"
"1990-03-31","1990Mar","","11.0549","11.2241","11.4640","11.1002","9.4492"
"1990-04-30","1990Apr","","10.8743","10.9308","11.2462","10.9432","9.2545"
"1990-05-31","1990May","","10.7959","10.8008","11.1929","10.9017","9.2355"
"1990-06-30","1990Jun","","10.7063","10.6507","11.0144","10.7746","9.3045"
"1990-07-31","1990Jul","","10.5673","10.5860","10.8818","10.6409","10.2678"
"1990-08-31","1990Aug","","10.9569","10.9048","11.2042","10.9669","10.6908"
"1990-09-30","1990Sep","","11.1356","10.9419","11.3833","11.1154","10.8773"
"1990-10-31","1990Oct","","11.0790","10.8495","11.2910","11.0377","10.8094"
"1990-11-30","1990Nov","","10.9892","10.8481","11.2551","10.9421","10.7148"
"1990-12-31","1990Dec","","10.8649","11.0293","11.2833","10.9571","10.6524"
"1991-01-31","1991Jan","6.9449","10.8449","10.9529","11.2862","10.9800","10.6133"
"1991-02-28","1991Feb","6.3413","10.4413","10.6465","10.8832","10.5756","10.1365"
"1991-03-31","1991Mar","6.4725","10.3725","10.3821","10.5833","10.3036","9.9736"
"1991-04-30","1991Apr","6.3174","10.1174","10.2371","10.4213","10.2065","9.8266"
"1991-05-31","1991May","5.8855","9.9855","10.0664","10.2190","9.9959","9.7180"
"1991-06-30","1991Jun","5.7527","10.0527","10.0631","10.2449","10.0553","9.8053"
"1991-07-31","1991Jul","5.2246","10.2246","10.3297","10.4993","10.2905","10.1918"
"1991-08-31","1991Aug","5.7017","10.2017","10.3634","10.5060","10.3042","10.1818"
"1991-09-30","1991Sep","6.1021","10.0021","10.1966","10.3267","10.0969","9.9881"
"1991-10-31","1991Oct","6.1719","9.8719","10.1057","10.2519","9.9906","9.8511"
"1991-11-30","1991Nov","5.8183","9.9183","10.1668","10.3225","10.0678","9.9002"
"1991-12-31","1991Dec","5.7923","9.8923","10.3112","10.4286","10.1122","9.8788"
"1992-01-31","1992Jan","5.7114","9.6114","9.9904","10.0657","9.7514","9.5439"
"1992-02-29","1992Feb","5.7470","9.5470","9.9497","9.9819","9.6908","9.4994"
"1992-03-31","1992Mar","5.2812","9.5812","10.0367","10.0611","9.7470","9.5664"
"1992-04-30","1992Apr","5.4231","9.6231","10.1015","10.1344","9.7664","9.6226"
"1992-05-31","1992May","5.5797","9.5797","10.1071","10.1330","9.7531","9.6138"
"1992-06-30","1992Jun","5.9254","9.8254","10.3452","10.3205","10.0204","9.8652"
"1992-07-31","1992Jul","6.7331","10.0331","10.6957","10.7972","10.3128","10.1279"
"1992-08-31","1992Aug","6.8014","10.1014","10.8843","11.0051","10.5090","10.2478"
"1992-09-30","1992Sep","6.7219","10.0219","10.9677","10.9701","10.3836","10.2213"
"1992-10-31","1992Oct","7.0245","10.2245","10.2689","10.4511","10.0171","9.9695"
"1992-11-30","1992Nov","6.7813","9.8813","9.6538","9.8571","9.4780","9.4915"
"1992-12-31","1992Dec","6.7328","9.9328","9.7771","9.9723","9.4659","9.5116"
"1993-01-31","1993Jan","6.3027","9.7027","9.4905","9.5637","9.1375","9.2086"
"1993-02-28","1993Feb","6.0030","9.4030","9.1208","9.0948","9.0526","8.8773"
"1993-03-31","1993Mar","5.9458","9.1458","8.7625","8.7734","8.7278","8.5864"
"1993-04-30","1993Apr","5.9559","9.1559","8.7063","8.7715","8.7155","8.6826"
"1993-05-31","1993May","5.9423","9.0423","8.2869","8.3464","8.4317","8.5151"
"1993-06-30","1993Jun","5.6796","8.7796","7.9299","7.9992","8.1397","8.2337"
"1993-07-31","1993Jul","5.1018","8.4018","7.4940","7.6127","7.7324","7.9600"
"1993-08-31","1993Aug","4.6197","7.9197","7.0755","7.1555","7.2258","7.4516"
"1993-09-30","1993Sep","4.3120","7.6120","7.0036","7.0003","7.0595","7.2265"
"1993-10-31","1993Oct","4.0615","7.3615","6.7718","6.7389","6.8129","6.9417"
"1993-11-30","1993Nov","4.1806","7.3806","6.6313","6.5732","6.7073","6.8993"
"1993-12-31","1993Dec","3.9853","7.1853","6.3555","6.3426","6.4736","6.7443"
"1994-01-31","1994Jan","3.7900","6.6900","5.9900","5.8700","5.9400","6.4000"
"1994-02-28","1994Feb","3.9800","6.8800","6.4800","6.4800","6.5700","7.0400"
"1994-03-31","1994Mar","4.5500","7.3500","6.5100","6.5000","6.6600","7.2500"
"1994-04-30","1994Apr","4.7600","7.4600","6.5700","6.7000","6.9500","7.5800"
"1994-05-31","1994May","4.9500","7.7500","6.6900","6.9300","7.3100","7.9300"
"1994-06-30","1994Jun","5.6700","8.3700","6.9600","7.3400","7.6500","8.1900"
"1994-07-31","1994Jul","5.7900","8.3900","7.0200","7.3900","7.6900","8.2200"
"1994-08-31","1994Aug","5.9800","8.6800","7.5600","7.9500","8.3200","8.6800"
"1994-09-30","1994Sep","6.4200","9.1200","7.7500","8.0900","8.5400","8.8400"
"1994-10-31","1994Oct","6.5600","9.1600","7.6100","8.1700","8.6000","8.9000"
"1994-11-30","1994Nov","6.6200","9.1200","7.6000","8.0700","8.4700","8.7200"
"1994-12-31","1994Dec","6.5400","9.1400","8.0800","8.5200","8.9100","9.0800"
"1995-01-31","1995Jan","6.9400","9.3400","7.7800","8.2100","8.6000","8.7900"
"1995-02-28","1995Feb","6.7900","9.1900","7.8100","8.2300","8.5800","8.8300"
"1995-03-31","1995Mar","6.9300","9.4300","7.6400","8.0300","8.4400","8.7900"
"1995-04-30","1995Apr","6.6600","9.2600","7.4500","7.8700","8.2100","8.5500"
"1995-05-31","1995May","6.3800","8.7800","6.9700","7.3000","7.6300","8.0800"
"1995-06-30","1995Jun","6.1500","8.7500","7.1800","7.5900","7.9900","8.3900"
"1995-07-31","1995Jul","6.3100","8.7100","6.8900","7.2400","7.6400","8.0800"
"1995-08-31","1995Aug","6.1700","8.4700","6.5800","6.9500","7.4100","7.9100"
"1995-09-30","1995Sep","5.9600","8.3600","6.5400","6.8900","7.4000","7.9500"
"1995-10-31","1995Oct","6.0800","8.4800","6.3900","6.6900","7.2000","7.7400"
"1995-11-30","1995Nov","5.7600","8.1600","6.0400","6.3200","6.8000","7.3700"
"1995-12-31","1995Dec","5.4200","7.8200","5.6900","5.9700","6.4800","7.0600"
"1996-01-31","1996Jan","5.0400","7.4400","5.3000","5.5400","6.0900","6.7500"
"1996-02-29","1996Feb","5.2600","7.6600","5.5100","5.8200","6.5200","7.1400"
"1996-03-31","1996Mar","5.4300","7.8300","5.5700","5.9700","6.6300","7.2300"
"1996-04-30","1996Apr","5.2200","7.6200","5.0500","5.4700","6.2100","6.8300"
"1996-05-31","1996May","4.9800","7.4800","5.0800","5.4700","6.2100","6.9300"
"1996-06-30","1996Jun","5.4100","7.5100","5.1900","5.5800","6.3600","6.9500"
"1996-07-31","1996Jul","5.2900","7.3900","5.2000","5.5100","6.2700","6.8800"
"1996-08-31","1996Aug","5.3100","7.3100","5.1000","5.3500","6.1700","6.8500"
"1996-09-30","1996Sep","5.1300","7.1300","4.7800","4.9300","5.7600","6.3500"
"1996-10-31","1996Oct","4.6800","6.6800","4.5700","4.8800","5.5100","6.2100"
"1996-11-30","1996Nov","4.5300","6.4300","4.3000","4.5400","5.1200","5.7800"
"1996-12-31","1996Dec","4.4100","6.3100","4.1700","4.4100","5.0600","5.8200"
"1997-01-31","1997Jan","4.2300","6.2300","4.1300","4.3200","4.9600","5.6700"
"1997-02-28","1997Feb","4.2600","6.0600","4.2700","4.4000","4.9400","5.5700"
"1997-03-31","1997Mar","4.7200","6.3200","4.5400","4.8800","5.4200","5.9900"
"1997-04-30","1997Apr","5.0900","6.3900","4.3900","4.6500","5.2500","5.8800"
"1997-05-31","1997May","4.7800","6.1800","4.3700","4.6500","5.2700","5.8900"
"1997-06-30","1997Jun","4.6900","6.0900","4.1200","4.3700","4.9300","5.5600"
"1997-07-31","1997Jul","4.3300","5.8300","4.2700","4.4700","4.9300","5.3900"
"1997-08-31","1997Aug","4.2400","5.9400","4.4200","4.6800","5.1500","5.5800"
"1997-09-30","1997Sep","4.0600","5.6600","4.3300","4.5800","5.0100","5.4100"
"1997-10-31","1997Oct","4.2500","5.7500","4.5600","4.8000","5.2000","5.5400"
"1997-11-30","1997Nov","3.9900","5.5900","4.4200","4.7100","5.1100","5.4100"
"1997-12-31","1997Dec","3.9600","5.4600","4.3300","4.5100","4.8700","5.2000"
"1998-01-31","1998Jan","4.1200","5.2200","4.1100","4.2700","4.6100","4.9500"
"1998-02-28","1998Feb","4.0200","5.1200","4.0800","4.2400","4.5500","4.8400"
"1998-03-31","1998Mar","3.9100","5.0100","4.1700","4.3200","4.6100","4.8600"
"1998-04-30","1998Apr","3.6000","5.0000","4.2600","4.4400","4.7500","4.9700"
"1998-05-31","1998May","3.7600","5.0600","4.1300","4.3000","4.5800","4.7900"
"1998-06-30","1998Jun","3.6100","4.9100","4.0800","4.2400","4.5000","4.7300"
"1998-07-31","1998Jul","3.5200","4.8200","4.0400","4.1600","4.4100","4.6200"
"1998-08-31","1998Aug","3.4900","4.5900","3.6800","3.7800","4.0100","4.2400"
"1998-09-30","1998Sep","3.2700","4.2700","3.5500","3.5800","3.7700","3.9800"
"1998-10-31","1998Oct","3.3500","4.2500","3.3900","3.5100","3.7700","4.0900"
"1998-11-30","1998Nov","3.4400","4.2400","3.3300","3.4400","3.6200","3.9000"
"1998-12-31","1998Dec","3.1500","3.9500","3.1600","3.2200","3.3800","3.6700"
"1999-01-31","1999Jan","3.0220","3.8220","2.9967","3.0881","3.3010","3.6372"
"1999-02-28","1999Feb","3.2742","3.9742","3.0502","3.1942","3.4316","3.7775"
"1999-03-31","1999Mar","3.2810","4.1810","3.0843","3.2461","3.5291","3.9190"
"1999-04-30","1999Apr","2.9407","4.0407","2.8256","3.0018","3.3037","3.6992"
"1999-05-31","1999May","3.3049","4.2049","2.8001","3.0017","3.3673","3.8097"
"1999-06-30","1999Jun","3.6267","4.5267","3.0793","3.3392","3.7721","4.1958"
"1999-07-31","1999Jul","3.8562","4.8562","3.2938","3.6427","4.1275","4.5496"
"1999-08-31","1999Aug","3.9606","5.0606","3.5580","3.8720","4.3894","4.7800"
"1999-09-30","1999Sep","4.0353","5.2353","3.6613","4.0192","4.5476","4.9391"
"1999-10-31","1999Oct","4.1716","5.4716","4.0733","4.3979","4.8734","5.2298"
"1999-11-30","1999Nov","3.6842","5.1842","3.9876","4.2683","4.6656","4.9705"
"1999-12-31","1999Dec","3.6044","5.3044","4.1763","4.4300","4.7880","5.0693"
"2000-01-31","2000Jan","3.7985","5.6985","4.3800","4.6815","5.1399","5.4416"
"2000-02-29","2000Feb","3.7636","5.6636","4.5451","4.8190","5.2263","5.4915"
"2000-03-31","2000Mar","3.4906","5.4906","4.5880","4.8260","5.1218","5.3545"
"2000-04-30","2000Apr","3.7138","5.4138","4.5759","4.7918","5.0591","5.2952"
"2000-05-31","2000May","3.7155","5.5155","5.0022","5.1642","5.3383","5.5078"
"2000-06-30","2000Jun","3.2454","5.3454","5.0204","5.1233","5.1933","5.3346"
"2000-07-31","2000Jul","3.3537","5.4537","5.1898","5.2700","5.3229","5.4254"
"2000-08-31","2000Aug","3.3982","5.3982","5.2833","5.3350","5.3485","5.4042"
"2000-09-30","2000Sep","3.0672","5.4672","5.2220","5.2776","5.3285","5.4415"
"2000-10-31","2000Oct","3.0163","5.4163","5.1684","5.2039","5.2434","5.3650"
"2000-11-30","2000Nov","2.8357","5.3357","5.1168","5.1526","5.1928","5.3542"
"2000-12-31","2000Dec","2.5680","5.0680","4.7364","4.7746","4.8178","5.0542"
"2001-01-31","2001Jan","3.0082","5.0082","4.4916","4.5748","4.6661","4.8976"
"2001-02-28","2001Feb","3.0211","5.0211","4.5173","4.5908","4.6924","4.8813"
"2001-03-31","2001Mar","2.7381","4.9381","4.3741","4.4436","4.5579","4.7769"
"2001-04-30","2001Apr","2.4014","5.1014","4.4516","4.5136","4.6623","4.9014"
"2001-05-31","2001May","2.1625","5.2625","4.5101","4.6018","4.7998","5.0487"
"2001-06-30","2001Jun","2.3083","5.2083","4.3415","4.4391","4.6958","4.9869"
"2001-07-31","2001Jul","2.7500","5.2500","4.3271","4.4208","4.7020","4.9866"
"2001-08-31","2001Aug","2.7582","5.0582","4.1071","4.1925","4.4877","4.7795"
"2001-09-30","2001Sep","2.8374","5.0374","3.7730","3.8931","4.2918","4.6735"
"2001-10-31","2001Oct","2.6169","4.8169","3.4384","3.6265","4.0544","4.4418"
"2001-11-30","2001Nov","2.6667","4.6667","3.3581","3.5772","3.9784","4.3657"
"2001-12-31","2001Dec","2.8588","4.9588","3.6574","3.8995","4.3267","4.6850"
"2002-01-31","2002Jan","2.4229","5.0229","3.8411","4.0421","4.4786","4.7625"
"2002-02-28","2002Feb","2.5661","5.0661","3.9619","4.1720","4.5975","4.8525"
"2002-03-31","2002Mar","2.8165","5.3165","4.2460","4.5498","4.8959","5.1293"
"2002-04-30","2002Apr","2.8972","5.2972","4.2074","4.5311","4.8568","5.1198"
"2002-05-31","2002May","3.2031","5.3031","4.2525","4.5544","4.8867","5.1613"
"2002-06-30","2002Jun","3.2649","5.1649","4.1012","4.3706","4.7024","4.9989"
"2002-07-31","2002Jul","3.0274","5.0274","3.8032","4.1006","4.4765","4.8187"
"2002-08-31","2002Aug","2.6311","4.7311","3.4655","3.7606","4.1548","4.4445"
"2002-09-30","2002Sep","2.4233","4.5233","3.1931","3.4555","3.8517","4.2047"
"2002-10-31","2002Oct","2.3235","4.6235","3.1281","3.4078","3.8555","4.3634"
"2002-11-30","2002Nov","2.2924","4.5924","3.0415","3.3092","3.8051","4.2847"
"2002-12-31","2002Dec","2.1065","4.4065","2.8376","3.0800","3.6332","4.1005"
"2003-01-31","2003Jan","2.1703","4.2703","2.6360","2.8488","3.4028","3.9287"
"2003-02-28","2003Feb","1.6608","4.0608","2.4501","2.6127","3.1752","3.6848"
"2003-03-31","2003Mar","1.7272","4.1272","2.4999","2.6626","3.2630","3.7596"
"2003-04-30","2003Apr","2.1289","4.2289","2.5898","2.8068","3.3758","3.8471"
"2003-05-31","2003May","2.1187","3.9187","2.3060","2.5256","3.0226","3.5362"
"2003-06-30","2003Jun","1.7233","3.7233","2.0757","2.2855","2.7920","3.3154"
"2003-07-31","2003Jul","2.1626","4.0626","2.3006","2.5629","3.1494","3.6494"
"2003-08-31","2003Aug","2.2047","4.2047","2.6320","2.9083","3.4688","3.7411"
"2003-09-30","2003Sep","2.1319","4.2319","2.5299","2.8651","3.4247","3.7234"
"2003-10-31","2003Oct","2.3081","4.3081","2.5867","2.8801","3.5013","3.8473"
"2003-11-30","2003Nov","2.2378","4.4378","2.7002","2.9923","3.6962","3.9394"
"2003-12-31","2003Dec","2.3560","4.3560","2.5815","2.8804","3.5888","3.8524"
"2004-01-31","2004Jan","2.4567","4.2567","2.4085","2.7139","3.3713","3.6983"
"2004-02-29","2004Feb","2.5833","4.1833","2.3764","2.7145","3.2798","3.6867"
"2004-03-31","2004Mar","2.3194","4.0194","2.1603","2.4773","3.0611","3.5100"
"2004-04-30","2004Apr","2.1424","4.2424","2.3879","2.7506","3.3080","3.7512"
"2004-05-31","2004May","1.8862","4.3862","2.5469","2.9428","3.4986","3.8672"
"2004-06-30","2004Jun","2.0426","4.4426","2.7367","3.0602","3.6046","3.8923"
"2004-07-31","2004Jul","2.0396","4.3396","2.6984","2.9734","3.4858","3.7973"
"2004-08-31","2004Aug","1.7679","4.1679","2.5327","2.8345","3.3321","3.8183"
"2004-09-30","2004Sep","2.0140","4.1140","2.5954","2.8725","3.3506","3.7850"
"2004-10-31","2004Oct","1.5794","3.9794","2.4716","2.7073","3.1821","3.6591"
"2004-11-30","2004Nov","1.6687","3.8687","2.4136","2.6171","3.0774","3.5270"
"2004-12-31","2004Dec","1.3893","3.6893","2.3612","2.5322","2.9316","3.3523"
"2005-01-31","2005Jan","1.7336","3.6336","2.3900","2.5656","2.9228","3.3118"
"2005-02-28","2005Feb","1.5153","3.6153","2.4547","2.6709","2.9672","3.3160"
"2005-03-31","2005Mar","1.5625","3.7625","2.4943","2.7406","3.0800","3.4412"
"2005-04-30","2005Apr","1.4709","3.5709","2.3443","2.5529","2.8931","3.2466"
"2005-05-31","2005May","1.4074","3.4074","2.2185","2.4060","2.7401","3.0493"
"2005-06-30","2005Jun","1.2541","3.2541","2.0736","2.2409","2.5775","2.9260"
"2005-07-31","2005Jul","1.2160","3.3160","2.1869","2.3374","2.6553","2.9906"
"2005-08-31","2005Aug","1.1155","3.3155","2.2393","2.3970","2.7047","2.9939"
"2005-09-30","2005Sep","0.5555","3.1555","2.2124","2.3424","2.5992","2.8352"
"2005-10-31","2005Oct","0.8234","3.3234","2.4529","2.6128","2.8521","3.0491"
"2005-11-30","2005Nov","1.2273","3.5273","2.7317","2.8577","3.1043","3.2809"
"2005-12-31","2005Dec","1.1090","3.4090","2.7999","2.8837","3.0743","3.2062"
"2006-01-31","2006Jan","0.9927","3.3927","2.8626","2.9385","3.1005","3.2107"
"2006-02-28","2006Feb","1.1510","3.5510","2.9736","3.0709","3.2569","3.3732"
"2006-03-31","2006Mar","1.5312","3.7312","3.2200","3.2977","3.4727","3.5736"
"2006-04-30","2006Apr","1.6116","4.0116","3.3678","3.4861","3.7130","3.8324"
"2006-05-31","2006May","1.5603","4.0603","3.3790","3.5224","3.7412","3.8876"
"2006-06-30","2006Jun","1.5751","4.0751","3.4744","3.5922","3.7796","3.9071"
"2006-07-31","2006Jul","1.6963","4.0963","3.5844","3.6936","3.8399","3.9414"
"2006-08-31","2006Aug","1.6682","3.9682","3.5859","3.6506","3.7540","3.8329"
"2006-09-30","2006Sep","2.0398","3.8398","3.6224","3.6403","3.6955","3.7413"
"2006-10-31","2006Oct","2.2813","3.8813","3.6850","3.6992","3.7653","3.7995"
"2006-11-30","2006Nov","2.0041","3.8041","3.7106","3.6988","3.7277","3.7424"
"2006-12-31","2006Dec","2.0026","3.9026","3.7922","3.7935","3.8295","3.8412"
"2007-01-31","2007Jan","2.3028","4.1028","3.9335","3.9612","4.0152","4.0226"
"2007-02-28","2007Feb","2.3175","4.1175","3.9522","3.9783","4.0238","4.0674"
"2007-03-31","2007Mar","2.1227","4.0227","3.9393","3.9365","3.9464","3.9615"
"2007-04-30","2007Apr","2.3459","4.2459","4.1072","4.1233","4.1512","4.1977"
"2007-05-31","2007May","2.4731","4.3731","4.2580","4.2810","4.3054","4.3372"
"2007-06-30","2007Jun","2.7608","4.6608","4.4541","4.5090","4.5735","4.6186"
"2007-07-31","2007Jul","2.8284","4.6284","4.4836","4.5168","4.5539","4.5884"
"2007-08-31","2007Aug","2.7263","4.4263","4.1860","4.2254","4.2737","4.3767"
"2007-09-30","2007Sep","2.2694","4.3694","4.0984","4.1441","4.1930","4.2972"
"2007-10-31","2007Oct","1.9002","4.4002","4.1084","4.1613","4.2114","4.3226"
"2007-11-30","2007Nov","1.1515","4.2515","3.9406","3.9593","3.9991","4.1485"
"2007-12-31","2007Dec","1.2818","4.3818","4.0573","4.0628","4.1393","4.2862"
"2008-01-31","2008Jan","1.0317","4.2317","3.7376","3.7517","3.8615","3.9733"
"2008-02-29","2008Feb","0.8394","4.1394","3.3991","3.4519","3.6390","3.8658"
"2008-03-31","2008Mar","0.4705","4.0705","3.5431","3.5476","3.6520","3.7968"
"2008-04-30","2008Apr","0.9827","4.2827","3.8634","3.8974","4.0028","4.0901"
"2008-05-31","2008May","0.7233","4.4233","4.1346","4.1348","4.1987","4.2416"
"2008-06-30","2008Jun","0.9093","4.8093","4.7240","4.7337","4.7505","4.6567"
"2008-07-31","2008Jul","0.7145","4.8145","4.6128","4.6617","4.6990","4.6144"
"2008-08-31","2008Aug","0.6960","4.4960","4.2612","4.2729","4.2836","4.2019"
"2008-09-30","2008Sep","0.9043","4.5043","4.0946","4.1084","4.2061","4.1437"
"2008-10-31","2008Oct","1.2158","4.4158","3.2713","3.4736","3.8765","3.8619"
"2008-11-30","2008Nov","2.0964","4.1964","2.7974","3.0413","3.4410","3.5346"
"2008-12-31","2008Dec","2.2881","3.8881","2.6226","2.8607","3.2890","3.2809"
"2009-01-31","2009Jan","3.0037","4.1037","2.1330","2.6181","3.1471","3.4358"
"2009-02-28","2009Feb","2.9962","4.1962","1.8137","2.3226","2.9982","3.4286"
"2009-03-31","2009Mar","3.5420","4.1420","1.7407","2.2406","3.0031","3.3780"
"2009-04-30","2009Apr","3.4879","4.0879","1.7079","2.1970","2.9868","3.3642"
"2009-05-31","2009May","4.1340","4.1340","1.5438","2.1122","2.9908","3.3985"
"2009-06-30","2009Jun","4.4237","4.3237","1.6712","2.2324","3.1434","3.5336"
"2009-07-31","2009Jul","4.6889","4.0889","1.3821","1.9763","2.8664","3.2657"
"2009-08-31","2009Aug","4.0900","3.8900","1.4263","2.0064","2.8186","3.1720"
"2009-09-30","2009Sep","4.1669","3.8669","1.2761","1.8001","2.6860","3.0965"
"2009-10-31","2009Oct","3.9036","3.8036","1.3882","1.8695","2.6675","3.0562"
"2009-11-30","2009Nov","3.3368","3.8368","1.3378","1.8583","2.6414","3.0637"
"2009-12-31","2009Dec","2.9718","3.8718","1.3806","1.8431","2.6426","3.1044"
"2010-01-31","2010Jan","3.2012","4.1012","1.5023","2.0093","2.7191","3.2291"
"2010-02-28","2010Feb","3.3068","4.1068","1.6238","2.0219","2.7415","3.2618"
"2010-03-31","2010Mar","2.3852","3.9852","1.3949","1.8141","2.5993","3.1440"
"2010-04-30","2010Apr","2.5533","4.1533","1.7425","1.9628","2.6950","3.2547"
"2010-05-31","2010May","1.9821","3.6821","1.8395","1.9666","2.6261","3.3931"
"2010-06-30","2010Jun","2.1894","3.6894","1.8143","2.0171","2.6812","3.5152"
"2010-07-31","2010Jul","1.9136","3.6136","1.7933","2.2710","2.6926","3.5570"
"2010-08-31","2010Aug","1.8370","3.4370","1.6886","2.2080","2.5593","3.2739"
"2010-09-30","2010Sep","1.5933","3.4933","1.8283","2.1890","2.6656","3.3780"
"2010-10-31","2010Oct","1.4306","3.3306","1.6019","2.0993","2.7045","3.0049"
"2010-11-30","2010Nov","1.8209","3.7209","2.0055","2.5520","3.2100","3.4541"
"2010-12-31","2010Dec","1.8696","4.0696","2.2277","2.7524","3.4826","3.8522"
"2011-01-31","2011Jan","1.6391","3.9391","2.2808","2.9439","3.6410","4.0130"
"2011-02-28","2011Feb","2.0787","4.4787","2.4576","3.1904","3.9366","4.1395"
"2011-03-31","2011Mar","1.7907","4.4907","2.8100","3.7144","3.9801","4.2796"
"2011-04-30","2011Apr","1.8606","4.6606","3.3025","4.0634","4.2585","4.5828"
"2011-05-31","2011May","1.6691","4.3691","3.5727","4.4385","4.1626","4.4046"
"2011-06-30","2011Jun","1.6783","4.3783","3.5544","4.6730","4.1486","4.5880"
"2011-07-31","2011Jul","2.0034","4.6034","4.1355","5.0726","4.3655","4.7189"
"2011-08-31","2011Aug","1.7081","4.2081","4.2073","4.4519","3.6673","4.2240"
"2011-09-30","2011Sep","1.0380","4.0380","5.4085","5.4152","3.9817","4.4738"
"2011-10-31","2011Oct","1.0786","4.0786","6.3560","6.0844","4.2701","4.8685"
"2011-11-30","2011Nov","1.3943","4.3943","8.7518","8.0965","5.8855","5.7435"
"2011-12-31","2011Dec","1.2932","4.0932","10.2185","6.4988","5.7863","5.8079"
"2012-01-31","2012Jan","1.2060","3.9060","11.5892","5.9649","5.6752","5.6233"
"2012-02-29","2012Feb","1.0461","3.7461","13.5587","7.6189","5.9437","5.8122"
"2012-03-31","2012Mar","0.5821","3.2821","6.1202","3.7659","3.5383","3.9720"
"2012-04-30","2012Apr","0.7809","3.3809","1.6901","2.2037","2.7284","3.6621"
"2012-05-31","2012May","1.1270","3.5270","1.7722","2.2610","2.7836","3.6662"
"2012-06-30","2012Jun","1.0056","3.4056","2.1238","2.4470","2.9067","3.7880"
"2012-07-31","2012Jul","0.8481","3.2481","1.9133","2.2571","2.6593","3.6346"
"2012-08-31","2012Aug","0.4094","3.0094","1.6701","2.0670","2.4109","3.4533"
"2012-09-30","2012Sep","-0.1822","2.4178","1.3147","1.5081","2.1340","3.0925"
"2012-10-31","2012Oct","-0.1945","2.3055","1.3054","1.4908","2.0277","3.0018"
"2012-11-30","2012Nov","0.0467","2.2467","1.2109","1.4926","1.9836","3.0444"
"2012-12-31","2012Dec","-0.1010","2.0990","1.0408","1.3288","1.7671","2.8183"
"2013-01-31","2013Jan","0.3930","2.3930","0.9046","1.3096","1.7917","2.6803"
"2013-02-28","2013Feb","0.9582","2.8582","1.1023","1.4073","2.0289","2.5115"
"2013-03-31","2013Mar","1.3276","3.0276","1.0175","1.3373","1.9058","2.3722"
"2013-04-30","2013Apr","1.6552","2.8552","0.8709","1.1669","1.7280","1.9788"
"2013-05-31","2013May","1.2856","2.6856","0.7602","1.0436","1.5159","1.9405"
"2013-06-30","2013Jun","1.4709","3.0709","1.0546","1.4176","1.8768","2.3090"
"2013-07-31","2013Jul","1.5011","3.1011","1.0414","1.2767","1.8647","2.3167"
"2013-08-31","2013Aug","1.7967","3.0967","1.0392","1.2514","1.9666","2.3535"
"2013-09-30","2013Sep","2.3070","3.4070","1.0695","1.3512","2.1041","2.3594"
"2013-10-31","2013Oct","2.4626","3.1626","0.8930","1.1887","1.9524","2.3127"
"2013-11-30","2013Nov","2.2712","3.1712","0.6440","0.9658","1.6859","2.2493"
"2013-12-31","2013Dec","2.5132","3.3132","0.6946","1.0301","1.8022","2.3501"
"2014-01-31","2014Jan","2.4124","3.2124","0.6077","0.9724","1.6394","2.0722"
"2014-02-28","2014Feb","2.3887","3.0887","0.5250","0.8401","1.4594","1.9640"
"2014-03-31","2014Mar","2.3865","2.8865","0.5040","0.8368","1.3278","1.9073"
"2014-04-30","2014Apr","1.9103","2.6103","0.4602","0.7223","1.2447","1.7535"
"2014-05-31","2014May","2.0550","2.5550","0.4358","0.6769","1.1345","1.6928"
"2014-06-30","2014Jun","1.7757","2.2757","0.3099","0.5460","0.9244","1.4890"
"2014-07-31","2014Jul","1.7583","2.1583","0.2477","0.4287","0.8217","1.3675"
"2014-08-31","2014Aug","1.5899","1.9899","0.1840","0.3621","0.7256","1.2651"
"2014-09-30","2014Sep","1.5485","1.8485","0.1398","0.3022","0.6468","1.1621"
"2014-10-31","2014Oct","1.2899","1.6899","0.2239","0.3622","0.6664","1.1135"
"2014-11-30","2014Nov","1.3171","1.6171","0.2341","0.3666","0.6391","0.9868"
"2014-12-31","2014Dec","1.6475","1.4475","0.2393","0.3144","0.5700","0.7982"
"2015-01-31","2015Jan","1.8678","1.2678","0.1708","0.2090","0.4811","0.6362"
"2015-02-28","2015Feb","1.5107","1.2107","0.0897","0.1336","0.4113","0.5597"
"2015-03-31","2015Mar","1.0520","0.9520","0.0159","0.0498","0.2494","0.3795"
"2015-04-30","2015Apr","0.6509","0.8509","-0.0377","0.0217","0.2151","0.4012"
"2015-05-31","2015May","0.7326","1.3326","-0.0231","0.0726","0.4072","0.7300"
"2015-06-30","2015Jun","1.1651","1.6651","0.0507","0.1657","0.6254","1.0509"
"2015-07-31","2015Jul","1.0286","1.5286","-0.0034","0.1041","0.5351","0.8994"
"2015-08-31","2015Aug","0.9923","1.3923","-0.0478","0.0523","0.4512","0.7941"
"2015-09-30","2015Sep","1.2809","1.4809","-0.0384","0.0569","0.4005","0.7506"
"2015-10-31","2015Oct","0.8032","1.2032","-0.0963","-0.0113","0.2824","0.6253"
"2015-11-30","2015Nov","1.0532","1.1532","-0.1442","-0.0755","0.2606","0.6128"
"2015-12-31","2015Dec","0.8933","1.1933","-0.1402","-0.0535","0.2946","0.6337"
"2016-01-31","2016Jan","0.8129","1.1129","-0.2046","-0.1195","0.2117","0.5351"
"2016-02-29","2016Feb","1.1397","1.0397","-0.2289","-0.1546","0.1498","0.4356"
"2016-03-31","2016Mar","0.9306","0.9306","-0.2494","-0.1920","0.0496","0.3540"
"2016-04-30","2016Apr","1.2614","0.9614","-0.2393","-0.1827","0.0775","0.3521"
"2016-05-31","2016May","1.0710","0.9710","-0.2800","-0.2145","0.1195","0.3788"
"2016-06-30","2016Jun","0.8830","0.8830","-0.3041","-0.2144","0.0668","0.3457"
"2016-07-31","2016Jul","0.4209","0.6209","-0.3617","-0.2980","-0.0642","0.1731"
"2016-08-31","2016Aug","0.4133","0.6133","-0.3780","-0.3191","-0.1072","0.1252"
"2016-09-30","2016Sep","0.3341","0.7341","-0.3993","-0.2962","-0.0773","0.2386"
"2016-10-31","2016Oct","0.2703","0.7703","-0.3962","-0.2589","-0.0404","0.3355"
"2016-11-30","2016Nov","0.6307","1.2307","-0.3021","-0.1637","0.1447","0.6608"
"2016-12-31","2016Dec","0.1851","1.2851","-0.4179","-0.2649","0.0886","0.6784"
"2017-01-31","2017Jan","-0.3912","1.3088","-0.4086","-0.2395","0.1227","0.7324"
"2017-02-28","2017Feb","-0.5622","1.4378","-0.3788","-0.1636","0.2241","0.8695"
"2017-03-31","2017Mar","-0.0457","1.4543","-0.3689","-0.1464","0.2545","0.9257"
"2017-04-30","2017Apr","-0.6402","1.2598","-0.3469","-0.2196","0.2224","0.8664"
"2017-05-31","2017May","-0.2268","1.1732","-0.3757","-0.2671","0.2347","0.8148"
"2017-06-30","2017Jun","-0.2294","1.0706","-0.3937","-0.2619","0.1280","0.6899"
"2017-07-31","2017Jul","-0.0932","1.2068","-0.3694","-0.2054","0.2580","0.8249"
"2017-08-31","2017Aug","-0.4559","1.0441","-0.4247","-0.2911","0.1770","0.7299"
"2017-09-30","2017Sep","-0.4851","1.1149","-0.4281","-0.3199","0.1343","0.6465"
"2017-10-31","2017Oct","-0.2511","1.1489","-0.4213","-0.2980","0.1549","0.6812"
"2017-11-30","2017Nov","-0.5533","0.9467","-0.4823","-0.3473","0.0522","0.5090"
"2017-12-31","2017Dec","-0.4214","0.8786","-0.4652","-0.3164","0.0423","0.5177"
"2018-01-31","2018Jan","-0.2679","1.0321","-0.3679","-0.1966","0.1956","0.7138"
"2018-02-28","2018Feb","0.1695","1.2695","-0.3338","-0.1331","0.3501","0.9019"
"2018-03-31","2018Mar","-0.2312","1.1688","-0.3634","-0.1537","0.3042","0.8113"
"2018-04-30","2018Apr","-0.0739","1.1261","-0.3844","-0.2074","0.2211","0.7186"
"2018-05-31","2018May","-0.7656","1.2344","-0.2517","-0.0716","0.3644","0.8344"
"2018-06-30","2018Jun","-0.7115","1.2885","-0.1197","0.1223","0.5730","0.9169"
"2018-07-31","2018Jul","-1.0014","1.1986","-0.1877","0.0693","0.5096","0.8732"
"2018-08-31","2018Aug","-0.7344","1.3656","-0.0375","0.2525","0.6547","1.0290"
"2018-09-30","2018Sep","-0.7800","1.3200","-0.1141","0.1967","0.6809","1.0276"
"2018-10-31","2018Oct","-0.7446","1.5554","0.0167","0.4925","0.9456","1.2868"
"2018-11-30","2018Nov","-0.4942","1.4058","-0.0439","0.3532","0.8297","1.0987"
"2018-12-31","2018Dec","-0.2879","1.2121","-0.1952","0.1568","0.6015","0.8571"
"2019-01-31","2019Jan","-0.1978","1.2022","-0.2340","0.0569","0.4866","0.7677"
"2019-02-28","2019Feb","-0.3801","1.1199","-0.1985","0.0959","0.4688","0.7119"
"2019-03-31","2019Mar","-0.4092","0.9908","-0.2767","-0.0138","0.3394","0.5903"
"2019-04-30","2019Apr","-0.7490","0.9510","-0.2232","0.0459","0.3345","0.5490"
"2019-05-31","2019May","-0.3289","0.8711","-0.2389","0.0380","0.3134","0.4987"
"2019-06-30","2019Jun","-0.7260","0.5740","-0.3387","-0.0987","0.1399","0.2989"
"2019-07-31","2019Jul","-0.6431","0.3569","-0.4682","-0.3046","-0.0725","0.1117"
"2019-08-31","2019Aug","-0.9008","0.0992","-0.5361","-0.4054","-0.2041","-0.0760"
"2019-09-30","2019Sep","-0.7522","0.0478","-0.5662","-0.4982","-0.3106","-0.1197"
"2019-10-31","2019Oct","-0.5675","0.1325","-0.4857","-0.4425","-0.2517","-0.0401"
"2019-11-30","2019Nov","-0.6984","0.3016","-0.4196","-0.3512","-0.1085","0.1029"
"2019-12-31","2019Dec","-0.9338","0.3662","-0.4323","-0.3366","-0.0752","0.1496"
"2020-01-31","2020Jan","-1.0838","0.3162","-0.4293","-0.3474","-0.1050","0.1171"
"2020-02-29","2020Feb","-1.0667","0.1333","-0.4852","-0.4301","-0.2377","-0.0273"
"2020-03-31","2020Mar","-0.3318","0.3682","-0.2973","-0.1628","0.0639","0.2071"
"2020-04-30","2020Apr","0.2538","0.5538","-0.1282","-0.0008","0.2205","0.3676"
"2020-05-31","2020May","0.3784","0.4784","-0.2406","-0.0930","0.1235","0.2826"
"2020-06-30","2020Jun","0.0505","0.3505","-0.3573","-0.2378","-0.0353","0.1661"
"2020-07-31","2020Jul","-0.1793","0.2207","-0.4235","-0.3273","-0.1499","0.0318"
"2020-08-31","2020Aug","0.3605","0.1605","-0.4489","-0.3809","-0.2120","-0.0258"
"2020-09-30","2020Sep","0.4230","0.1230","-0.4960","-0.4243","-0.2654","-0.0674"
"2020-10-31","2020Oct","0.3005","0.0005","-0.5768","-0.5226","-0.3829","-0.1731"
"2020-11-30","2020Nov","0.2447","-0.0553","-0.6074","-0.5725","-0.4383","-0.2172"
"2020-12-31","2020Dec","0.2085","-0.0915","-0.6284","-0.5961","-0.4689","-0.2450"
"2021-01-31","2021Jan","-0.9636","-0.0636","-0.5869","-0.5572","-0.4338","-0.2139"
"2021-02-28","2021Feb","-0.8357","0.0643","-0.5694","-0.5235","-0.3532","-0.0948"
"2021-03-31","2021Mar","-1.1521","0.1479","-0.5666","-0.4963","-0.3285","-0.0471"
"2021-04-30","2021Apr","-1.3949","0.2051","-0.5554","-0.4761","-0.2995","-0.0112"
"2021-05-31","2021May","-1.6230","0.3770","-0.5229","-0.4177","-0.1998","0.1080"
"2021-06-30","2021Jun","-1.5961","0.3039","-0.5454","-0.4573","-0.2629","0.0421"
"2021-07-31","2021Jul","-2.0360","0.1640","-0.5812","-0.5107","-0.3567","-0.0781"
"2021-08-31","2021Aug","-2.9402","0.0598","-0.6397","-0.5741","-0.4423","-0.1750"
"2021-09-30","2021Sep","-3.2033","0.1967","-0.6198","-0.5330","-0.3534","-0.0664"
"2021-10-31","2021Oct","-3.7477","0.3523","-0.5913","-0.4633","-0.2330","0.0694"
"2021-11-30","2021Nov","-4.5877","0.3123","-0.6506","-0.4978","-0.2439","0.0261"
"2021-12-31","2021Dec","-4.7209","0.2791","-0.5385","-0.4243","-0.2048","0.0144"
"2022-01-31","2022Jan","-4.5660","0.5340","-0.4525","-0.2814","-0.0060","0.2331"
"2022-02-28","2022Feb","-4.9558","0.9442","-0.1919","0.0894","0.4257","0.6335"
"2022-03-31","2022Mar","-6.3458","1.0542","-0.1651","0.1601","0.4840","0.7098"
"2022-04-30","2022Apr","-5.8318","1.5682","0.2501","0.7037","1.0364","1.2101"
"2022-05-31","2022May","-6.2258","1.8742","0.4816","0.9541","1.3087","1.4564"
"2022-06-30","2022Jun","-6.1627","2.4373","1.0287","1.5509","1.9239","1.9858"
"2022-07-31","2022Jul","-6.8075","2.0925","0.7037","1.1445","1.5067","1.6224"
"2022-08-31","2022Aug","-7.0418","2.0582","0.9074","1.2388","1.5247","1.6031"
"2022-09-30","2022Sep","-7.0862","2.8138","1.8073","2.1229","2.3870","2.3574"
"2022-10-31","2022Oct","-7.4150","3.1850","2.1875","2.4644","2.7284","2.7030"
"2022-11-30","2022Nov","-7.1659","2.9341","2.3232","2.4736","2.6562","2.5399"
"2022-12-31","2022Dec","-6.1998","3.0002","2.5452","2.6212","2.7604","2.6280"
"2023-01-31","2023Jan","-5.5558","3.0442","2.7675","2.7332","2.7770","2.7956"
"2023-02-28","2023Feb","-5.2770","3.2230","3.0084","2.9632","2.9727","2.9952"
"2023-03-31","2023Mar","-3.6672","3.2328","3.0203","3.0041","3.0165","3.0213"
"2023-04-30","2023Apr","-3.8071","3.1929","2.9771","2.9292","2.9413","2.9734"
"2023-05-31","2023May","-2.8942","3.2058","2.9928","2.9201","2.9184","2.9784"
"2023-06-30","2023Jun","-2.3353","3.1647","3.2857","3.1125","2.9982","2.9738"
"2023-07-31","2023Jul","-2.0312","3.2688","3.4676","3.2678","3.1359","3.0809"
"2023-08-31","2023Aug","-1.8568","3.3432","3.3590","3.1985","3.1270","3.1169"
"2023-09-30","2023Sep","-0.7945","3.5055","3.4952","3.3429","3.2694","3.2715"
"2023-10-31","2023Oct","0.8239","3.7239","3.5287","3.3882","3.3753","3.4344"
